Name;Price;Sale price;Code;Reviews;Color;Memory;Manufacturer;Display size;Screen resolution;Images;Characteristics
Мобільний телефон Apple iPhone 16 Pro Max 256GB Black Titanium (MYWV3);65799.00;;Код товару:U0961530;2;чорний;256 Gb;Apple;"6.9""";1320 х 2868;https://brain.com.ua/static/images/prod_img/3/0/U0961530_1738426633.jpg, https://brain.com.ua/static/images/prod_img/3/0/U0961530_2_1738426634.jpg, https://brain.com.ua/static/images/prod_img/3/0/U0961530_3_1738426634.jpg, https://brain.com.ua/static/images/prod_img/3/0/U0961530_4_1738426636.jpg, https://brain.com.ua/static/images/prod_img/3/0/U0961530_5_1738426637.jpg, https://brain.com.ua/static/images/prod_img/3/0/U0961530_6_1738426638.jpg, https://brain.com.ua/static/images/prod_img/3/0/U0961530_7_1738426639.jpg, https://brain.com.ua/static/images/prod_img/3/0/U0961530_8_1738426641.jpg, https://brain.com.ua/static/images/prod_img/3/0/U0961530_9_1738426642.jpg;"Форм-фактор: моноблок
Тип дисплея: OLED (Super Retina XDR)
Процесор: Apple A18 Pro
Вбудована пам'ять: 256 Gb
Кількість модулів основної камери: 48 + 48 + 12 Mpx
Операційна система: iOS 18
Бездротові підключення: Bluetooth
Інтерфейси і підключення: USB Type-C
Особливості: FaceID
Матеріал корпуса: титан"
